Date,HOLO,HELIUM,eCash,SHIBA,NEXO,SOLANA
2021-07-08 00:00:00+00:00,0.005752000026404858,12.170575141906738,2.5999999706982635e-05,7.999999979801942e-06,1.594480037689209,33.20372772216797
2021-07-09 00:00:00+00:00,0.005803999956697226,12.508922576904297,2.5999999706982635e-05,7.999999979801942e-06,1.639454960823059,33.2646484375
2021-07-10 00:00:00+00:00,0.0056870002299547195,12.94266128540039,2.5999999706982635e-05,7.999999979801942e-06,1.6275160312652588,31.788644790649414
2021-07-11 00:00:00+00:00,0.005770999938249588,12.811461448669434,2.5999999706982635e-05,7.999999979801942e-06,1.632133960723877,32.17784118652344
2021-07-12 00:00:00+00:00,0.005638999864459038,12.592766761779785,2.5999999706982635e-05,7.999999979801942e-06,1.5681769847869873,30.848087310791016
2021-07-13 00:00:00+00:00,0.005462999921292067,12.02057933807373,2.4000000848900527e-05,7.000000096013537e-06,1.5272409915924072,29.12118911743164
2021-07-14 00:00:00+00:00,0.005487999878823757,11.729988098144531,2.700000004551839e-05,7.000000096013537e-06,1.5855259895324707,31.2810001373291
2021-07-15 00:00:00+00:00,0.005218000151216984,10.988442420959473,2.4000000848900527e-05,7.000000096013537e-06,1.467468023300171,28.45210075378418
2021-07-16 00:00:00+00:00,0.005028000101447105,10.390483856201172,2.300000051036477e-05,7.000000096013537e-06,1.4362750053405762,26.37000846862793
2021-07-17 00:00:00+00:00,0.005167999770492315,10.694681167602539,2.300000051036477e-05,7.000000096013537e-06,1.4670469760894775,26.721668243408203
2021-07-18 00:00:00+00:00,0.005125000141561031,11.000394821166992,2.499999936844688e-05,7.000000096013537e-06,1.476835012435913,26.751909255981445
2021-07-19 00:00:00+00:00,0.004784999880939722,9.910548210144043,2.4000000848900527e-05,6.000000212225132e-06,1.4287530183792114,24.44757652282715
2021-07-20 00:00:00+00:00,0.00446499977260828,9.710251808166504,1.8999999156221747e-05,6.000000212225132e-06,1.2792470455169678,23.48955535888672
2021-07-21 00:00:00+00:00,0.004770999774336815,10.742117881774902,1.9999999494757503e-05,7.000000096013537e-06,1.39751398563385,26.623079299926758
2021-07-22 00:00:00+00:00,0.004900000058114529,10.999954223632812,1.9999999494757503e-05,6.000000212225132e-06,1.476470947265625,27.70208168029785
2021-07-23 00:00:00+00:00,0.005164000205695629,11.136234283447266,1.8999999156221747e-05,6.000000212225132e-06,1.51693594455719,28.513879776000977
2021-07-24 00:00:00+00:00,0.00520800007507205,11.265318870544434,1.9999999494757503e-05,6.000000212225132e-06,1.562559962272644,28.702619552612305
2021-07-25 00:00:00+00:00,0.005330000072717667,11.970849990844727,2.099999983329326e-05,6.000000212225132e-06,1.5585399866104126,28.168773651123047
2021-07-26 00:00:00+00:00,0.0059460001066327095,11.390557289123535,2.499999936844688e-05,6.000000212225132e-06,1.6480120420455933,28.306642532348633
2021-07-27 00:00:00+00:00,0.006306000053882599,11.501596450805664,2.2000000171829015e-05,6.000000212225132e-06,1.7192189693450928,28.065326690673828
2021-07-28 00:00:00+00:00,0.00620400020852685,12.825875282287598,2.2000000171829015e-05,6.000000212225132e-06,1.7780749797821045,27.815410614013672
2021-07-29 00:00:00+00:00,0.006238000001758337,12.36453914642334,2.2000000171829015e-05,6.000000212225132e-06,1.8122400045394897,31.281137466430664
2021-07-30 00:00:00+00:00,0.006372000090777874,14.250572204589844,3.300000025774352e-05,6.000000212225132e-06,1.8721660375595093,32.393943786621094
2021-07-31 00:00:00+00:00,0.006312000099569559,13.803126335144043,3.5000000934815034e-05,6.000000212225132e-06,1.8777539730072021,36.82731246948242
2021-08-01 00:00:00+00:00,0.006252999883145094,13.128342628479004,3.300000025774352e-05,6.000000212225132e-06,1.8107019662857056,34.25436019897461
2021-08-02 00:00:00+00:00,0.00623599998652935,13.534228324890137,4.5000000682193786e-05,6.000000212225132e-06,1.825590968132019,33.22241973876953
2021-08-03 00:00:00+00:00,0.006122000049799681,13.109695434570312,4.400000034365803e-05,6.000000212225132e-06,1.701403021812439,33.99644088745117
2021-08-04 00:00:00+00:00,0.006378000136464834,13.242294311523438,4.999999873689376e-05,6.000000212225132e-06,1.7827529907226562,35.76362609863281
2021-08-05 00:00:00+00:00,0.006519999820739031,13.169158935546875,7.100000220816582e-05,6.000000212225132e-06,1.8139129877090454,37.35513687133789
2021-08-06 00:00:00+00:00,0.007841999642550945,13.76227855682373,6.0999998822808266e-05,6.000000212225132e-06,1.8619029521942139,39.446102142333984
2021-08-07 00:00:00+00:00,0.007815999910235405,13.799144744873047,5.500000042957254e-05,7.999999979801942e-06,2.044343948364258,39.403472900390625
2021-08-08 00:00:00+00:00,0.008155999705195427,14.359831809997559,5.199999941396527e-05,7.000000096013537e-06,1.9208619594573975,37.673824310302734
2021-08-09 00:00:00+00:00,0.008559999987483025,14.477649688720703,5.400000009103678e-05,7.999999979801942e-06,1.977308988571167,38.767784118652344
2021-08-10 00:00:00+00:00,0.00976600032299757,18.51051139831543,5.199999941396527e-05,7.999999979801942e-06,2.003032922744751,40.63979721069336
2021-08-11 00:00:00+00:00,0.011464999988675117,16.462549209594727,5.0999999075429514e-05,7.999999979801942e-06,1.9229480028152466,41.74411392211914
2021-08-12 00:00:00+00:00,0.01097199972718954,15.88870906829834,4.70000013592653e-05,7.999999979801942e-06,1.8493419885635376,41.099361419677734
2021-08-13 00:00:00+00:00,0.012160000391304493,17.036991119384766,5.0999999075429514e-05,7.999999979801942e-06,2.020742893218994,44.894500732421875
2021-08-14 00:00:00+00:00,0.01182200014591217,16.553516387939453,5.0999999075429514e-05,7.999999979801942e-06,1.9986670017242432,44.112850189208984
2021-08-15 00:00:00+00:00,0.011801999993622303,18.0112247467041,5.0999999075429514e-05,9.000000318337698e-06,1.9966230392456055,53.74515914916992
2021-08-16 00:00:00+00:00,0.011359999887645245,18.013076782226562,5.900000178371556e-05,9.000000318337698e-06,1.846411943435669,62.432464599609375
2021-08-17 00:00:00+00:00,0.010251999832689762,20.007509231567383,5.2999999752501026e-05,7.999999979801942e-06,1.778164029121399,64.21070861816406
2021-08-18 00:00:00+00:00,0.010298999957740307,19.718639373779297,5.2999999752501026e-05,7.999999979801942e-06,1.795788049697876,72.5433120727539
2021-08-19 00:00:00+00:00,0.010761000216007233,21.133769989013672,5.700000110664405e-05,7.999999979801942e-06,1.8321870565414429,72.75760650634766
2021-08-20 00:00:00+00:00,0.011322000063955784,24.227815628051758,8.199999865610152e-05,7.999999979801942e-06,1.9291390180587769,78.72461700439453
2021-08-21 00:00:00+00:00,0.010773000307381153,22.963003158569336,8.299999899463728e-05,7.999999979801942e-06,1.888566017150879,73.75621032714844
2021-08-22 00:00:00+00:00,0.011049999855458736,23.73130989074707,8.299999899463728e-05,7.999999979801942e-06,1.9281649589538574,72.80391693115234
2021-08-23 00:00:00+00:00,0.011187000200152397,26.31499671936035,7.999999797903001e-05,7.999999979801942e-06,1.9761359691619873,75.70803833007812
2021-08-24 00:00:00+00:00,0.010595999658107758,22.802518844604492,7.200000254670158e-05,7.000000096013537e-06,1.8856480121612549,70.67090606689453
2021-08-25 00:00:00+00:00,0.010905000381171703,23.26194190979004,7.999999797903001e-05,7.999999979801942e-06,1.9204260110855103,71.95156860351562
2021-08-26 00:00:00+00:00,0.009975000284612179,20.519956588745117,7.599999662488699e-05,7.000000096013537e-06,1.8513950109481812,75.31620788574219
2021-08-27 00:00:00+00:00,0.01056899968534708,22.770084381103516,9.40000027185306e-05,7.000000096013537e-06,1.9308160543441772,88.08698272705078
2021-08-28 00:00:00+00:00,0.011386999860405922,23.57416534423828,0.00015700000221841037,7.000000096013537e-06,1.9132790565490723,96.70317077636719
2021-08-29 00:00:00+00:00,0.011029000394046307,22.657093048095703,0.00015900000289548188,7.000000096013537e-06,1.8497430086135864,94.46967315673828
2021-08-30 00:00:00+00:00,0.010455000214278698,20.669666290283203,0.00017299999308306724,7.000000096013537e-06,1.8396600484848022,110.54480743408203
2021-08-31 00:00:00+00:00,0.010571000166237354,24.809200286865234,0.00017299999308306724,7.000000096013537e-06,1.866199016571045,108.48377227783203
2021-09-01 00:00:00+00:00,0.011025000363588333,23.30765724182129,0.00017600000137463212,7.000000096013537e-06,1.9464720487594604,111.03300476074219
2021-09-02 00:00:00+00:00,0.01296599954366684,22.719661712646484,0.00021600000036414713,7.000000096013537e-06,1.9393409490585327,128.10238647460938
2021-09-03 00:00:00+00:00,0.012373000383377075,22.954198837280273,0.0003239999932702631,7.000000096013537e-06,1.9744360446929932,146.5830535888672
2021-09-04 00:00:00+00:00,0.012058000080287457,23.042905807495117,0.00033000000985339284,7.000000096013537e-06,1.9828230142593384,139.11306762695312
2021-09-05 00:00:00+00:00,0.013047000393271446,23.796825408935547,0.0003060000017285347,7.999999979801942e-06,1.9831130504608154,142.0708770751953
2021-09-06 00:00:00+00:00,0.012292999774217606,24.286130905151367,0.0002899999963119626,7.000000096013537e-06,1.9469619989395142,164.38092041015625
2021-09-07 00:00:00+00:00,0.01000600028783083,20.414243698120117,0.00024500000290572643,6.000000212225132e-06,1.747217059135437,173.14892578125
2021-09-08 00:00:00+00:00,0.010134999640285969,20.7247371673584,0.0002570000069681555,7.000000096013537e-06,1.7712149620056152,191.04139709472656
2021-09-09 00:00:00+00:00,0.010201999917626381,21.152145385742188,0.00025099999038502574,7.000000096013537e-06,1.7082149982452393,188.19580078125
2021-09-10 00:00:00+00:00,0.009752999991178513,19.884859085083008,0.00023499999952036887,7.000000096013537e-06,1.5511330366134644,179.865234375
2021-09-11 00:00:00+00:00,0.009836999699473381,20.150766372680664,0.00022000000171829015,7.000000096013537e-06,1.587054967880249,178.8678741455078
2021-09-12 00:00:00+00:00,0.010005000047385693,21.412290573120117,0.00021600000036414713,7.000000096013537e-06,1.6138579845428467,174.53762817382812
2021-09-13 00:00:00+00:00,0.009600000455975533,19.627948760986328,0.0002209999947808683,7.000000096013537e-06,1.5459779500961304,169.26954650878906
2021-09-14 00:00:00+00:00,0.009856999851763248,20.572975158691406,0.00023999999393709004,7.000000096013537e-06,1.6488920450210571,158.09481811523438
2021-09-15 00:00:00+00:00,0.010116999968886375,20.467315673828125,0.0002579999854788184,7.000000096013537e-06,1.7460750341415405,159.1173858642578
2021-09-16 00:00:00+00:00,0.009750000201165676,20.276906967163086,0.0002469999890308827,9.000000318337698e-06,1.7132530212402344,152.47406005859375
2021-09-17 00:00:00+00:00,0.009498000144958496,19.57309341430664,0.00022899999748915434,7.999999979801942e-06,1.6278129816055298,147.5930633544922
2021-09-18 00:00:00+00:00,0.009716999717056751,20.5482177734375,0.00023200000578071922,7.999999979801942e-06,1.6688300371170044,169.18421936035156
2021-09-19 00:00:00+00:00,0.009463000111281872,19.768585205078125,0.0002280000044265762,7.999999979801942e-06,1.5823930501937866,152.51669311523438
2021-09-20 00:00:00+00:00,0.008076000027358532,18.052026748657227,0.00020599999697878957,7.000000096013537e-06,1.4384419918060303,132.13446044921875
2021-09-21 00:00:00+00:00,0.007608000189065933,16.75224494934082,0.0001990000018849969,7.000000096013537e-06,1.3713419437408447,123.95039367675781
2021-09-22 00:00:00+00:00,0.008816000074148178,18.819414138793945,0.00022899999748915434,7.000000096013537e-06,1.4793180227279663,147.92425537109375
2021-09-23 00:00:00+00:00,0.008812000043690205,18.650114059448242,0.00023299999884329736,7.999999979801942e-06,1.5215669870376587,149.75357055664062
2021-09-24 00:00:00+00:00,0.008202999830245972,17.62381362915039,0.00021399999968707561,7.000000096013537e-06,1.470507025718689,139.39564514160156
2021-09-25 00:00:00+00:00,0.007972000166773796,17.557586669921875,0.00021699999342672527,7.000000096013537e-06,1.4832210540771484,136.17892456054688
2021-09-26 00:00:00+00:00,0.007914000190794468,18.044261932373047,0.00022499999613501132,7.000000096013537e-06,1.4795550107955933,135.69937133789062
2021-09-27 00:00:00+00:00,0.007734999991953373,17.529170989990234,0.00023200000578071922,7.000000096013537e-06,1.4467209577560425,136.72842407226562
2021-09-28 00:00:00+00:00,0.00747800013050437,16.90784454345703,0.00025599999935366213,7.000000096013537e-06,1.3924729824066162,131.53721618652344
2021-09-29 00:00:00+00:00,0.00761799979954958,16.96506690979004,0.00023700000019744039,7.000000096013537e-06,1.4002710580825806,135.35145568847656
2021-09-30 00:00:00+00:00,0.007911000400781631,17.29265785217285,0.00024399999529123306,7.000000096013537e-06,1.4598230123519897,141.0690460205078
2021-10-01 00:00:00+00:00,0.008636999875307083,18.5813045501709,0.0002570000069681555,7.999999979801942e-06,1.6017520427703857,161.682373046875
2021-10-02 00:00:00+00:00,0.008624999783933163,18.708356857299805,0.00025099999038502574,7.999999979801942e-06,1.5910569429397583,169.093017578125
2021-10-03 00:00:00+00:00,0.009402000345289707,21.49632453918457,0.00024399999529123306,9.000000318337698e-06,1.6728060245513916,172.5891571044922
2021-10-04 00:00:00+00:00,0.009074999950826168,20.807491302490234,0.00023499999952036887,1.2999999853491317e-05,1.6740750074386597,166.73191833496094
2021-10-05 00:00:00+00:00,0.009863000363111496,21.680877685546875,0.00023400000645779073,1.700000029813964e-05,1.7607920169830322,164.11582946777344
2021-10-06 00:00:00+00:00,0.009681000374257565,21.551570892333984,0.00022600000374950469,2.8000000384054147e-05,1.745690941810608,154.1077423095703
2021-10-07 00:00:00+00:00,0.009430999867618084,20.437122344970703,0.0002209999947808683,2.300000051036477e-05,1.7423609495162964,154.28118896484375
2021-10-08 00:00:00+00:00,0.009434999898076057,20.09035301208496,0.0002229999954579398,2.700000004551839e-05,1.7613999843597412,158.94920349121094
2021-10-09 00:00:00+00:00,0.009681999683380127,20.05270004272461,0.0002229999954579398,2.700000004551839e-05,1.7808020114898682,156.82583618164062
2021-10-10 00:00:00+00:00,0.009204000234603882,19.119335174560547,0.00021300000662449747,2.5999999706982635e-05,1.7135679721832275,148.0487060546875
2021-10-11 00:00:00+00:00,0.009233999997377396,19.051366806030273,0.00021499999274965376,3.099999958067201e-05,1.7298389673233032,144.85813903808594
2021-10-12 00:00:00+00:00,0.009103000164031982,19.167932510375977,0.00022200000239536166,2.9000000722589903e-05,1.698248028755188,152.73712158203125
2021-10-13 00:00:00+00:00,0.009224999696016312,19.40199089050293,0.00021800000104121864,2.9000000722589903e-05,1.6936869621276855,148.17604064941406
2021-10-14 00:00:00+00:00,0.00919399969279766,20.06092643737793,0.00021800000104121864,2.700000004551839e-05,1.748958945274353,149.75680541992188
2021-10-15 00:00:00+00:00,0.009146999567747116,21.071184158325195,0.00020599999697878957,2.499999936844688e-05,1.758836030960083,162.59620666503906
2021-10-16 00:00:00+00:00,0.00928799994289875,21.820499420166016,0.00020399999630171806,2.5999999706982635e-05,1.7686419486999512,157.538818359375
2021-10-17 00:00:00+00:00,0.009325999766588211,21.72577476501465,0.00020199999562464654,2.8000000384054147e-05,1.695917010307312,159.74380493164062
2021-10-18 00:00:00+00:00,0.009216000325977802,21.19052505493164,0.00019500000053085387,2.9000000722589903e-05,1.735725998878479,157.2312774658203
2021-10-19 00:00:00+00:00,0.009170999750494957,22.1511287689209,0.00018899999849963933,2.8000000384054147e-05,1.821660041809082,156.01702880859375
2021-10-20 00:00:00+00:00,0.009715000167489052,22.52754783630371,0.00019700000120792538,2.9000000722589903e-05,2.054630994796753,175.94686889648438
2021-10-21 00:00:00+00:00,0.009542999789118767,21.721118927001953,0.0001880000054370612,2.700000004551839e-05,2.2470591068267822,190.3184356689453
2021-10-22 00:00:00+00:00,0.009619999676942825,21.4080867767334,0.0001880000054370612,2.8000000384054147e-05,2.3442020416259766,196.43153381347656
2021-10-23 00:00:00+00:00,0.009606000036001205,21.34874153137207,0.0001900000061141327,3.400000059627928e-05,2.7314279079437256,197.703857421875
2021-10-24 00:00:00+00:00,0.009279999881982803,20.936267852783203,0.00019200000679120421,3.600000127335079e-05,2.686743974685669,202.3619842529297
2021-10-25 00:00:00+00:00,0.009606000036001205,21.368576049804688,0.0001939999929163605,4.199999966658652e-05,2.7211170196533203,210.1042938232422
2021-10-26 00:00:00+00:00,0.011536999605596066,24.352989196777344,0.0001900000061141327,4.8000001697801054e-05,2.8691699504852295,199.8072509765625
2021-10-27 00:00:00+00:00,0.01026500016450882,25.137222290039062,0.00017499999376013875,7.999999797903001e-05,2.8154170513153076,183.77459716796875
2021-10-28 00:00:00+00:00,0.010262999683618546,26.666391372680664,0.00018000000272877514,6.800000119255856e-05,2.8769280910491943,194.86398315429688
2021-10-29 00:00:00+00:00,0.010812999680638313,27.83464241027832,0.0001829999964684248,7.500000356230885e-05,2.805680990219116,200.18275451660156
2021-10-30 00:00:00+00:00,0.010579000227153301,30.518083572387695,0.00018699999782256782,6.500000017695129e-05,2.7678298950195312,195.4160614013672
2021-10-31 00:00:00+00:00,0.014032999984920025,29.042964935302734,0.00018200000340584666,6.70000008540228e-05,2.7684390544891357,202.4210205078125
2021-11-01 00:00:00+00:00,0.013089999556541443,28.2615909576416,0.00017800000205170363,7.200000254670158e-05,2.875296115875244,203.5450897216797
2021-11-02 00:00:00+00:00,0.013880999758839607,28.632911682128906,0.00018200000340584666,6.900000153109431e-05,3.1946489810943604,220.23959350585938
2021-11-03 00:00:00+00:00,0.015526999719440937,28.811105728149414,0.00018000000272877514,5.500000042957254e-05,3.04878306388855,242.89881896972656
2021-11-04 00:00:00+00:00,0.014879000373184681,29.918975830078125,0.0001990000018849969,4.8999998398358e-05,3.1098809242248535,247.3877716064453
2021-11-05 00:00:00+00:00,0.014198999851942062,33.703365325927734,0.00019500000053085387,6.199999916134402e-05,2.9578819274902344,236.47433471679688
2021-11-06 00:00:00+00:00,0.01474899984896183,37.54807662963867,0.00019700000120792538,5.900000178371556e-05,3.0504109859466553,258.934326171875
2021-11-07 00:00:00+00:00,0.014685000292956829,44.87043380737305,0.00019299999985378236,5.700000110664405e-05,3.1571950912475586,249.823486328125
2021-11-08 00:00:00+00:00,0.014805000275373459,42.73046875,0.00019700000120792538,5.500000042957254e-05,3.3239080905914307,248.46717834472656
2021-11-09 00:00:00+00:00,0.014863000251352787,47.090572357177734,0.0002010000025620684,5.500000042957254e-05,3.3805348873138428,239.213134765625
2021-11-10 00:00:00+00:00,0.013744999654591084,50.192604064941406,0.00018699999782256782,4.999999873689376e-05,3.250649929046631,233.77952575683594
2021-11-11 00:00:00+00:00,0.013956000097095966,48.796875,0.00019500000053085387,5.700000110664405e-05,3.419548988342285,234.24075317382812
2021-11-12 00:00:00+00:00,0.013473999686539173,51.19667434692383,0.00020399999630171806,5.199999941396527e-05,3.327817916870117,228.50209045410156
2021-11-13 00:00:00+00:00,0.013491000048816204,50.73998260498047,0.00020199999562464654,5.199999941396527e-05,3.2005228996276855,241.8250274658203
2021-11-14 00:00:00+00:00,0.013372999615967274,52.71104049682617,0.00020799999765586108,5.2999999752501026e-05,3.266226053237915,238.42552185058594
2021-11-15 00:00:00+00:00,0.01358800008893013,47.3417854309082,0.0001939999929163605,5.2999999752501026e-05,3.4434781074523926,237.55360412597656
2021-11-16 00:00:00+00:00,0.012624000199139118,44.35930633544922,0.00017699999443721026,4.8000001697801054e-05,3.3278560638427734,219.23902893066406
2021-11-17 00:00:00+00:00,0.01252800039947033,45.560081481933594,0.00017899999511428177,4.8000001697801054e-05,3.3240320682525635,218.71524047851562
2021-11-18 00:00:00+00:00,0.011675000190734863,39.5052604675293,0.00016399999731220305,4.199999966658652e-05,2.9620370864868164,195.48741149902344
2021-11-19 00:00:00+00:00,0.012702999636530876,45.81279754638672,0.00016999999934341758,4.8999998398358e-05,3.1378560066223145,215.28001403808594
2021-11-20 00:00:00+00:00,0.013573000207543373,46.61023712158203,0.0001720000000204891,4.8000001697801054e-05,3.0997700691223145,218.01527404785156
2021-11-21 00:00:00+00:00,0.013892999850213528,44.3268928527832,0.00016799999866634607,4.400000034365803e-05,2.9691081047058105,231.28262329101562
2021-11-22 00:00:00+00:00,0.013013999909162521,41.88385772705078,0.00016199999663513154,4.3000000005122274e-05,2.6748909950256348,215.73727416992188
2021-11-23 00:00:00+00:00,0.01396699994802475,45.62581253051758,0.00016399999731220305,4.199999966658652e-05,2.7304790019989014,221.83689880371094
2021-11-24 00:00:00+00:00,0.013473999686539173,44.003211975097656,0.00015999999595806003,3.9999998989515007e-05,2.7163400650024414,214.92153930664062
2021-11-25 00:00:00+00:00,0.013484999537467957,45.22834777832031,0.00015700000221841037,3.9999998989515007e-05,2.7203710079193115,206.25299072265625
2021-11-26 00:00:00+00:00,0.011878999881446362,40.52168273925781,0.0001429999974789098,3.7999998312443495e-05,2.447880983352661,191.51174926757812
2021-11-27 00:00:00+00:00,0.012159000150859356,40.053897857666016,0.00014899999951012433,3.899999865097925e-05,2.483452081680298,193.10215759277344
2021-11-28 00:00:00+00:00,0.012365000322461128,40.14055252075195,0.0001500000071246177,3.899999865097925e-05,2.5326271057128906,200.67665100097656
2021-11-29 00:00:00+00:00,0.01231900043785572,40.3527946472168,0.00015100000018719584,4.600000102072954e-05,2.610132932662964,204.31936645507812
2021-11-30 00:00:00+00:00,0.012002999894320965,39.17699432373047,0.0001500000071246177,4.70000013592653e-05,2.7694649696350098,208.67098999023438
2021-12-01 00:00:00+00:00,0.011806000024080276,38.14167785644531,0.0001500000071246177,4.400000034365803e-05,2.7648069858551025,229.7992401123047
2021-12-02 00:00:00+00:00,0.011497000232338905,38.390193939208984,0.00014600000577047467,4.199999966658652e-05,2.687424898147583,233.9930419921875
2021-12-03 00:00:00+00:00,0.011006999760866165,35.1038818359375,0.00013800000306218863,3.9999998989515007e-05,2.5768051147460938,211.22439575195312
2021-12-04 00:00:00+00:00,0.010118000209331512,33.5858039855957,0.0001230000052601099,3.7000001611886546e-05,2.3315370082855225,201.1248321533203
2021-12-05 00:00:00+00:00,0.00928100012242794,31.451690673828125,0.00012099999730708078,3.600000127335079e-05,2.2838430404663086,196.1682586669922
2021-12-06 00:00:00+00:00,0.00966699980199337,31.19284439086914,0.00012700000661425292,3.7000001611886546e-05,2.3281359672546387,194.19921875
2021-12-07 00:00:00+00:00,0.009680000133812428,32.65199279785156,0.00012700000661425292,3.600000127335079e-05,2.3603880405426025,190.59690856933594
2021-12-08 00:00:00+00:00,0.009885000064969063,30.205976486206055,0.00012799999967683107,3.7000001611886546e-05,2.3575570583343506,194.6217041015625
2021-12-09 00:00:00+00:00,0.008936000056564808,29.04680633544922,0.00011999999696854502,3.5000000934815034e-05,2.2238519191741943,181.17808532714844
2021-12-10 00:00:00+00:00,0.008450999855995178,28.023494720458984,0.0001140000022132881,3.400000059627928e-05,2.2184040546417236,167.954833984375
2021-12-11 00:00:00+00:00,0.008724000304937363,29.810754776000977,0.00011800000356743112,3.400000059627928e-05,2.3696370124816895,171.94949340820312
2021-12-12 00:00:00+00:00,0.008754000067710876,29.766555786132812,0.00011700000322889537,3.7000001611886546e-05,2.4759860038757324,173.43167114257812
2021-12-13 00:00:00+00:00,0.007759000174701214,26.0338191986084,0.00010599999950500205,3.300000025774352e-05,2.274029016494751,155.2130584716797
2021-12-14 00:00:00+00:00,0.0077320002019405365,27.796716690063477,0.00011500000255182385,3.400000059627928e-05,2.218322992324829,153.34144592285156
2021-12-15 00:00:00+00:00,0.008202999830245972,31.38304328918457,0.00011500000255182385,3.400000059627928e-05,2.2725679874420166,178.34078979492188
2021-12-16 00:00:00+00:00,0.007799999788403511,31.8151798248291,0.00011000000085914508,3.300000025774352e-05,2.2903270721435547,176.9546661376953
2021-12-17 00:00:00+00:00,0.007381000090390444,33.829490661621094,0.00011000000085914508,3.099999958067201e-05,2.2502310276031494,175.5032958984375
2021-12-18 00:00:00+00:00,0.00747800013050437,32.770904541015625,0.00011100000119768083,3.099999958067201e-05,2.3167479038238525,182.8351287841797
2021-12-19 00:00:00+00:00,0.007406999822705984,32.00052261352539,0.00010900000052060932,3.099999958067201e-05,2.2455310821533203,180.09805297851562
2021-12-20 00:00:00+00:00,0.007643999997526407,34.92238235473633,0.00010599999950500205,3.099999958067201e-05,2.25895094871521,173.67178344726562
2021-12-21 00:00:00+00:00,0.008097999729216099,36.2193717956543,0.00011000000085914508,3.300000025774352e-05,2.222198009490967,180.09254455566406
2021-12-22 00:00:00+00:00,0.008159000426530838,40.29838943481445,0.00011100000119768083,3.5000000934815034e-05,2.2317440509796143,178.5971221923828
2021-12-23 00:00:00+00:00,0.008655999787151814,38.89012908935547,0.0001140000022132881,3.899999865097925e-05,2.407646894454956,190.03631591796875
2021-12-24 00:00:00+00:00,0.008627000264823437,37.10274124145508,0.00011700000322889537,3.600000127335079e-05,2.3490209579467773,190.273193359375
2021-12-25 00:00:00+00:00,0.008666999638080597,38.2070426940918,0.00011999999696854502,3.7999998312443495e-05,2.43574595451355,193.1209259033203
2021-12-26 00:00:00+00:00,0.00868299975991249,37.53260040283203,0.00012199999764561653,3.7999998312443495e-05,2.432981014251709,198.000732421875
2021-12-27 00:00:00+00:00,0.008542000316083431,39.40795135498047,0.00011899999663000926,3.899999865097925e-05,2.5296030044555664,195.42950439453125
2021-12-28 00:00:00+00:00,0.007672999985516071,36.600032806396484,0.00011000000085914508,3.5000000934815034e-05,2.3104140758514404,177.42562866210938
2021-12-29 00:00:00+00:00,0.0073990002274513245,38.06946563720703,0.00010800000018207356,3.400000059627928e-05,2.325777053833008,170.65756225585938
2021-12-30 00:00:00+00:00,0.007375000044703484,37.488441467285156,0.00011000000085914508,3.400000059627928e-05,2.4333651065826416,172.75119018554688
2021-12-31 00:00:00+00:00,0.007333999965339899,37.85622024536133,0.00010800000018207356,3.300000025774352e-05,2.3891239166259766,170.299072265625
2022-01-01 00:00:00+00:00,0.0074430000968277454,39.68578338623047,0.00011000000085914508,3.400000059627928e-05,2.6333510875701904,178.5179443359375
2022-01-02 00:00:00+00:00,0.0074709998443722725,41.15592575073242,0.00011300000187475234,3.400000059627928e-05,2.5796990394592285,176.38284301757812
2022-01-03 00:00:00+00:00,0.007298000156879425,39.953216552734375,0.00011600000289035961,3.300000025774352e-05,2.554932117462158,170.29774475097656
2022-01-04 00:00:00+00:00,0.007236999925225973,41.53728103637695,0.00011300000187475234,3.199999991920777e-05,2.6137290000915527,167.93890380859375
2022-01-05 00:00:00+00:00,0.006775999907404184,38.80598449707031,0.0001049999991664663,2.9999999242136255e-05,2.40268611907959,155.0997314453125
2022-01-06 00:00:00+00:00,0.006657000165432692,40.21356964111328,0.00010299999848939478,3.099999958067201e-05,2.3842720985412598,150.4313507080078
2022-01-07 00:00:00+00:00,0.0062779998406767845,35.596004486083984,9.899999713525176e-05,2.9000000722589903e-05,2.1779019832611084,136.40281677246094
2022-01-08 00:00:00+00:00,0.005985000170767307,32.19010925292969,9.600000339560211e-05,2.8000000384054147e-05,1.9741630554199219,142.51345825195312
2022-01-09 00:00:00+00:00,0.006095999851822853,33.12163162231445,9.600000339560211e-05,2.8000000384054147e-05,2.0907719135284424,140.83900451660156
2022-01-10 00:00:00+00:00,0.005795000120997429,31.619543075561523,9.000000136438757e-05,2.700000004551839e-05,2.036134958267212,135.95494079589844
2022-01-11 00:00:00+00:00,0.006087000016123056,33.1059684753418,9.300000237999484e-05,2.8000000384054147e-05,2.1708719730377197,140.18385314941406
2022-01-12 00:00:00+00:00,0.0065299998968839645,35.68044662475586,9.7999996796716e-05,3.199999991920777e-05,2.337812900543213,151.70310974121094
2022-01-13 00:00:00+00:00,0.006122000049799681,32.292022705078125,9.500000305706635e-05,2.9999999242136255e-05,2.240453004837036,146.01004028320312
2022-01-14 00:00:00+00:00,0.0063390000723302364,33.21324157714844,9.699999645818025e-05,3.099999958067201e-05,2.2926740646362305,146.15902709960938
2022-01-15 00:00:00+00:00,0.006300999782979488,33.848876953125,0.00010099999781232327,3.099999958067201e-05,2.257730007171631,147.80117797851562
2022-01-16 00:00:00+00:00,0.0063749998807907104,33.680301666259766,0.00010299999848939478,3.099999958067201e-05,2.3561649322509766,147.8565216064453
2022-01-17 00:00:00+00:00,0.0059980000369250774,32.98377990722656,9.999999747378752e-05,2.9000000722589903e-05,2.2604639530181885,139.92601013183594
2022-01-18 00:00:00+00:00,0.005946999881416559,30.78692626953125,9.600000339560211e-05,2.8000000384054147e-05,2.2900569438934326,141.58718872070312
2022-01-19 00:00:00+00:00,0.005733999889343977,28.185028076171875,9.200000204145908e-05,2.700000004551839e-05,2.2376201152801514,135.79238891601562
2022-01-20 00:00:00+00:00,0.00545499986037612,28.31015968322754,9.000000136438757e-05,2.5999999706982635e-05,2.196932077407837,127.20528411865234
2022-01-21 00:00:00+00:00,0.004625000059604645,24.135774612426758,7.899999764049426e-05,2.2000000171829015e-05,1.8979400396347046,111.96605682373047
2022-01-22 00:00:00+00:00,0.004348000045865774,22.497657775878906,6.800000119255856e-05,2.099999983329326e-05,1.7950439453125,94.1783676147461
2022-01-23 00:00:00+00:00,0.004548999946564436,23.625829696655273,7.400000322377309e-05,2.2000000171829015e-05,1.873196005821228,99.5782241821289
2022-01-24 00:00:00+00:00,0.004530000034719706,22.57630729675293,7.200000254670158e-05,2.099999983329326e-05,1.7854429483413696,91.65016174316406
2022-01-25 00:00:00+00:00,0.004348999820649624,25.680273056030273,7.200000254670158e-05,2.099999983329326e-05,1.8270690441131592,94.72035217285156
2022-01-26 00:00:00+00:00,0.004486000165343285,28.95254898071289,7.200000254670158e-05,2.099999983329326e-05,1.7754240036010742,92.23804473876953
2022-01-27 00:00:00+00:00,0.004377999808639288,28.135005950927734,7.000000186963007e-05,2.099999983329326e-05,1.7749069929122925,89.63249206542969
2022-01-28 00:00:00+00:00,0.004476000089198351,26.785694122314453,7.300000288523734e-05,2.099999983329326e-05,1.7926000356674194,91.31289672851562
2022-01-29 00:00:00+00:00,0.004592000041157007,27.001537322998047,7.699999696342275e-05,2.2000000171829015e-05,1.8178759813308716,96.2234878540039
2022-01-30 00:00:00+00:00,0.0044639999978244305,28.982128143310547,7.500000356230885e-05,2.099999983329326e-05,1.819077968597412,93.29767608642578
2022-01-31 00:00:00+00:00,0.004536000080406666,27.839427947998047,7.599999662488699e-05,2.099999983329326e-05,2.0553669929504395,99.73883819580078
2022-02-01 00:00:00+00:00,0.004563999827951193,27.308610916137695,7.699999696342275e-05,2.2000000171829015e-05,2.0613410472869873,109.9789810180664
2022-02-02 00:00:00+00:00,0.004304999951273203,25.19659996032715,7.599999662488699e-05,2.099999983329326e-05,1.9598170518875122,101.83760070800781
2022-02-03 00:00:00+00:00,0.0043739997781813145,25.956218719482422,7.599999662488699e-05,2.099999983329326e-05,2.072946071624756,101.45903778076172
2022-02-04 00:00:00+00:00,0.004794999957084656,27.25054359436035,8.299999899463728e-05,2.2000000171829015e-05,2.221909999847412,112.17424774169922
2022-02-05 00:00:00+00:00,0.0049230000004172325,30.106422424316406,8.399999933317304e-05,2.300000051036477e-05,2.223676919937134,113.89430236816406
2022-02-06 00:00:00+00:00,0.005133999977260828,30.2740421295166,8.600000001024455e-05,2.8000000384054147e-05,2.195863962173462,115.29975891113281
2022-02-07 00:00:00+00:00,0.005659000016748905,30.00026512145996,9.000000136438757e-05,3.300000025774352e-05,2.2292110919952393,117.35514831542969
2022-02-08 00:00:00+00:00,0.005648000165820122,29.025136947631836,9.40000027185306e-05,3.099999958067201e-05,2.2174689769744873,113.5954818725586
2022-02-09 00:00:00+00:00,0.00571299996227026,30.347631454467773,9.699999645818025e-05,3.300000025774352e-05,2.279175043106079,114.01937866210938
2022-02-10 00:00:00+00:00,0.005504000000655651,28.942564010620117,9.200000204145908e-05,3.099999958067201e-05,2.1855878829956055,106.20280456542969
2022-02-11 00:00:00+00:00,0.004970999900251627,27.265949249267578,8.399999933317304e-05,2.9000000722589903e-05,1.9993770122528076,96.38188171386719
2022-02-12 00:00:00+00:00,0.004910999909043312,27.551498413085938,8.299999899463728e-05,2.9000000722589903e-05,2.045646905899048,95.91820526123047
2022-02-13 00:00:00+00:00,0.00483699981123209,25.295883178710938,8.199999865610152e-05,2.9999999242136255e-05,2.0287179946899414,93.24410247802734
2022-02-14 00:00:00+00:00,0.004805999808013439,25.89442253112793,8.199999865610152e-05,2.9999999242136255e-05,2.0641860961914062,96.43327331542969
2022-02-15 00:00:00+00:00,0.005154999904334545,27.50547981262207,8.800000068731606e-05,3.099999958067201e-05,2.196436882019043,104.87330627441406
2022-02-16 00:00:00+00:00,0.00518900016322732,28.26829719543457,8.600000001024455e-05,3.099999958067201e-05,2.228116989135742,101.93289947509766
2022-02-17 00:00:00+00:00,0.004821000155061483,24.807209014892578,7.899999764049426e-05,2.8000000384054147e-05,2.0903189182281494,93.4104232788086
2022-02-18 00:00:00+00:00,0.004920999985188246,25.143775939941406,7.899999764049426e-05,2.8000000384054147e-05,2.0199570655822754,90.06546020507812
2022-02-19 00:00:00+00:00,0.0048489999026060104,24.093868255615234,7.79999973019585e-05,2.8000000384054147e-05,1.962033987045288,91.49665069580078
2022-02-20 00:00:00+00:00,0.00459699984639883,23.054643630981445,7.500000356230885e-05,2.5999999706982635e-05,1.9060369729995728,90.90141296386719
2022-02-21 00:00:00+00:00,0.004207000136375427,21.42707633972168,6.800000119255856e-05,2.4000000848900527e-05,1.8794759511947632,83.12316131591797
2022-02-22 00:00:00+00:00,0.0043219998478889465,23.204622268676758,7.200000254670158e-05,2.499999936844688e-05,1.9041019678115845,86.46538543701172
2022-02-23 00:00:00+00:00,0.004172000102698803,21.903644561767578,7.100000220816582e-05,2.499999936844688e-05,1.9229940176010132,84.90278625488281
2022-02-24 00:00:00+00:00,0.004089000169187784,22.538633346557617,7.100000220816582e-05,2.4000000848900527e-05,1.919443964958191,89.19474792480469
2022-02-25 00:00:00+00:00,0.004341000225394964,23.99444007873535,7.500000356230885e-05,2.499999936844688e-05,2.103058099746704,92.59882354736328
2022-02-26 00:00:00+00:00,0.004265000112354755,24.848556518554688,7.500000356230885e-05,2.4000000848900527e-05,2.0056369304656982,90.14156341552734
2022-02-27 00:00:00+00:00,0.004069000016897917,22.914215087890625,7.300000288523734e-05,2.300000051036477e-05,1.917233943939209,85.51905059814453
2022-02-28 00:00:00+00:00,0.0046270000748336315,25.7276554107666,7.899999764049426e-05,2.5999999706982635e-05,2.139554023742676,99.52034759521484
2022-03-01 00:00:00+00:00,0.004676000215113163,24.899303436279297,7.899999764049426e-05,2.700000004551839e-05,2.102442979812622,98.65355682373047
2022-03-02 00:00:00+00:00,0.004488999955356121,24.009307861328125,7.599999662488699e-05,2.5999999706982635e-05,2.0405189990997314,100.6496353149414
2022-03-03 00:00:00+00:00,0.004346000030636787,22.970703125,7.500000356230885e-05,2.499999936844688e-05,2.0124120712280273,95.53919982910156
2022-03-04 00:00:00+00:00,0.0041069998405873775,21.369949340820312,7.100000220816582e-05,2.4000000848900527e-05,1.9423439502716064,88.24597930908203
2022-03-05 00:00:00+00:00,0.004228000063449144,22.082067489624023,7.300000288523734e-05,2.499999936844688e-05,2.0065910816192627,89.64784240722656
2022-03-06 00:00:00+00:00,0.0041160001419484615,20.869733810424805,7.000000186963007e-05,2.4000000848900527e-05,1.9561129808425903,84.54218292236328
2022-03-07 00:00:00+00:00,0.004017000086605549,21.202722549438477,6.900000153109431e-05,2.300000051036477e-05,1.9160829782485962,82.13006591796875
2022-03-08 00:00:00+00:00,0.0040420000441372395,21.1995792388916,6.900000153109431e-05,2.300000051036477e-05,1.9864310026168823,82.2547607421875
2022-03-09 00:00:00+00:00,0.004209000151604414,21.737018585205078,7.500000356230885e-05,2.4000000848900527e-05,2.165165901184082,88.20206451416016
2022-03-10 00:00:00+00:00,0.004000000189989805,21.29720687866211,7.999999797903001e-05,2.300000051036477e-05,2.0889699459075928,82.9390869140625
2022-03-11 00:00:00+00:00,0.003930999897420406,21.01742935180664,7.400000322377309e-05,2.2000000171829015e-05,2.044434070587158,80.7449951171875
2022-03-12 00:00:00+00:00,0.00393499992787838,21.216955184936523,7.400000322377309e-05,2.2000000171829015e-05,2.076303005218506,81.55381774902344
2022-03-13 00:00:00+00:00,0.0038129999302327633,20.1213321685791,7.400000322377309e-05,2.2000000171829015e-05,2.044174909591675,78.93607330322266
2022-03-14 00:00:00+00:00,0.003914999775588512,20.95253562927246,7.599999662488699e-05,2.2000000171829015e-05,2.1077868938446045,81.17333984375
2022-03-15 00:00:00+00:00,0.003984000068157911,21.16936683654785,7.999999797903001e-05,2.2000000171829015e-05,2.106429100036621,82.95508575439453
2022-03-16 00:00:00+00:00,0.0041519999504089355,22.502397537231445,7.999999797903001e-05,2.300000051036477e-05,2.19979190826416,87.90362548828125
2022-03-17 00:00:00+00:00,0.004052999895066023,22.69947052001953,7.899999764049426e-05,2.2000000171829015e-05,2.2029271125793457,87.87684631347656
2022-03-18 00:00:00+00:00,0.004118000157177448,24.08728790283203,8.099999831756577e-05,2.2000000171829015e-05,2.2816460132598877,89.82203674316406
2022-03-19 00:00:00+00:00,0.00470399996265769,24.124496459960938,8.299999899463728e-05,2.4000000848900527e-05,2.2399981021881104,92.41815185546875
2022-03-20 00:00:00+00:00,0.004317000042647123,22.274856567382812,7.999999797903001e-05,2.300000051036477e-05,2.2025539875030518,88.61486053466797
2022-03-21 00:00:00+00:00,0.004391999915242195,22.779382705688477,8.099999831756577e-05,2.300000051036477e-05,2.1794350147247314,88.7572021484375
2022-03-22 00:00:00+00:00,0.004499000031501055,25.069683074951172,8.399999933317304e-05,2.300000051036477e-05,2.202244997024536,90.51296997070312
2022-03-23 00:00:00+00:00,0.004674000199884176,25.284969329833984,8.399999933317304e-05,2.4000000848900527e-05,2.2881619930267334,95.1026840209961
2022-03-24 00:00:00+00:00,0.005330999847501516,25.196996688842773,8.399999933317304e-05,2.499999936844688e-05,2.290925979614258,102.22369384765625
2022-03-25 00:00:00+00:00,0.005047000013291836,23.349912643432617,8.399999933317304e-05,2.4000000848900527e-05,2.3072590827941895,98.6581039428711
2022-03-26 00:00:00+00:00,0.005166999995708466,24.001047134399414,8.600000001024455e-05,2.4000000848900527e-05,2.3157200813293457,101.7641830444336
2022-03-27 00:00:00+00:00,0.006978000048547983,24.629867553710938,9.7999996796716e-05,2.5999999706982635e-05,2.4104549884796143,107.08422088623047
2022-03-28 00:00:00+00:00,0.006297000218182802,23.60360336303711,9.40000027185306e-05,2.5999999706982635e-05,2.384321928024292,106.46525573730469
2022-03-29 00:00:00+00:00,0.006248000077903271,23.981948852539062,9.40000027185306e-05,2.700000004551839e-05,2.420046091079712,111.71031188964844
2022-03-30 00:00:00+00:00,0.006525999866425991,24.541990280151367,9.600000339560211e-05,2.700000004551839e-05,2.4167490005493164,120.6994857788086
2022-03-31 00:00:00+00:00,0.006490000057965517,24.093509674072266,9.300000237999484e-05,2.5999999706982635e-05,2.3741419315338135,122.66146087646484
2022-04-01 00:00:00+00:00,0.006591999903321266,24.226259231567383,9.699999645818025e-05,2.5999999706982635e-05,2.4819180965423584,134.43093872070312
2022-04-02 00:00:00+00:00,0.006459000054746866,24.29318618774414,0.00012799999967683107,2.5999999706982635e-05,2.4812591075897217,132.19886779785156
2022-04-03 00:00:00+00:00,0.006909999996423721,26.418678283691406,0.00011600000289035961,2.700000004551839e-05,2.481726884841919,136.77532958984375
2022-04-04 00:00:00+00:00,0.006651999894529581,24.87944984436035,0.00010900000052060932,2.5999999706982635e-05,2.551872968673706,132.41262817382812
2022-04-05 00:00:00+00:00,0.00634399987757206,24.46013641357422,0.00011200000153621659,2.700000004551839e-05,2.526257038116455,126.86223602294922
2022-04-06 00:00:00+00:00,0.005613999906927347,21.907777786254883,9.7999996796716e-05,2.4000000848900527e-05,2.394315004348755,112.88338470458984
2022-04-07 00:00:00+00:00,0.005878000054508448,23.024532318115234,0.00010299999848939478,2.499999936844688e-05,2.46895694732666,118.79651641845703
2022-04-08 00:00:00+00:00,0.005326999817043543,22.03718376159668,0.00010099999781232327,2.4000000848900527e-05,2.373492956161499,109.8008804321289
2022-04-09 00:00:00+00:00,0.005415000021457672,22.78629493713379,0.00010199999815085903,2.499999936844688e-05,2.411729097366333,112.97279357910156
2022-04-10 00:00:00+00:00,0.005268000066280365,21.989713668823242,0.00010099999781232327,2.499999936844688e-05,2.4318089485168457,111.74243927001953
2022-04-11 00:00:00+00:00,0.004679999779909849,20.257129669189453,8.900000102585182e-05,2.2000000171829015e-05,2.249614953994751,99.33910369873047
2022-04-12 00:00:00+00:00,0.004989000037312508,20.69274139404297,9.100000170292333e-05,2.700000004551839e-05,2.3397879600524902,103.30638885498047
2022-04-13 00:00:00+00:00,0.005154000129550695,20.999250411987305,9.500000305706635e-05,2.700000004551839e-05,2.4102330207824707,105.00194549560547
2022-04-14 00:00:00+00:00,0.004972999915480614,20.2884464263916,9.200000204145908e-05,2.5999999706982635e-05,2.3779549598693848,100.70780181884766
2022-04-15 00:00:00+00:00,0.005028000101447105,20.555683135986328,9.40000027185306e-05,2.5999999706982635e-05,2.418705940246582,101.30977630615234
2022-04-16 00:00:00+00:00,0.004999999888241291,20.42839813232422,9.300000237999484e-05,2.5999999706982635e-05,2.3702070713043213,102.25731658935547
2022-04-17 00:00:00+00:00,0.004805999808013439,20.1273136138916,8.900000102585182e-05,2.499999936844688e-05,2.348618984222412,100.40969848632812
2022-04-18 00:00:00+00:00,0.005001000128686428,19.224550247192383,9.000000136438757e-05,2.499999936844688e-05,2.3636350631713867,102.15853118896484
2022-04-19 00:00:00+00:00,0.005107999779284,19.510387420654297,9.300000237999484e-05,2.499999936844688e-05,2.3972980976104736,108.58203125
2022-04-20 00:00:00+00:00,0.005047000013291836,19.033689498901367,9.100000170292333e-05,2.499999936844688e-05,2.32309889793396,105.49700164794922
2022-04-21 00:00:00+00:00,0.004846999887377024,18.0589542388916,9.100000170292333e-05,2.4000000848900527e-05,2.311408042907715,101.77613830566406
2022-04-22 00:00:00+00:00,0.004809999838471413,18.11252784729004,9.000000136438757e-05,2.4000000848900527e-05,2.311448097229004,100.61205291748047
2022-04-23 00:00:00+00:00,0.004732000175863504,17.61953353881836,9.000000136438757e-05,2.4000000848900527e-05,2.309830904006958,100.74443817138672
2022-04-24 00:00:00+00:00,0.004650000017136335,17.71339988708496,8.900000102585182e-05,2.4000000848900527e-05,2.2752981185913086,99.23579406738281
2022-04-25 00:00:00+00:00,0.004654999822378159,17.379762649536133,8.70000003487803e-05,2.4000000848900527e-05,2.2430830001831055,101.24763488769531
2022-04-26 00:00:00+00:00,0.004315999802201986,16.142288208007812,7.899999764049426e-05,2.300000051036477e-05,2.0799660682678223,95.78215026855469
2022-04-27 00:00:00+00:00,0.004430999979376793,16.268714904785156,8.199999865610152e-05,2.300000051036477e-05,2.170499086380005,98.37886810302734
2022-04-28 00:00:00+00:00,0.004356999881565571,15.8942232131958,8.099999831756577e-05,2.300000051036477e-05,2.197751998901367,98.18572998046875
2022-04-29 00:00:00+00:00,0.004141000099480152,14.767745018005371,7.599999662488699e-05,2.2000000171829015e-05,2.3308699131011963,94.01134490966797
2022-04-30 00:00:00+00:00,0.0038930000737309456,12.336787223815918,6.900000153109431e-05,1.9999999494757503e-05,2.33105206489563,85.09593200683594
2022-05-01 00:00:00+00:00,0.0041149999015033245,13.678972244262695,7.400000322377309e-05,2.2000000171829015e-05,2.2717490196228027,89.6715087890625
2022-05-02 00:00:00+00:00,0.004023000132292509,14.415154457092285,7.200000254670158e-05,2.099999983329326e-05,2.2104389667510986,87.58101654052734
2022-05-03 00:00:00+00:00,0.004029999952763319,15.147400856018066,7.200000254670158e-05,1.9999999494757503e-05,2.033086061477661,85.84237670898438
2022-05-04 00:00:00+00:00,0.00443200021982193,16.49376106262207,7.899999764049426e-05,2.2000000171829015e-05,2.190998077392578,92.7708511352539
2022-05-05 00:00:00+00:00,0.004021000117063522,14.7481050491333,7.200000254670158e-05,1.9999999494757503e-05,2.019001007080078,84.59602355957031
2022-05-06 00:00:00+00:00,0.004038000013679266,14.720574378967285,7.200000254670158e-05,1.9999999494757503e-05,1.8852880001068115,81.76410675048828
2022-05-07 00:00:00+00:00,0.0038999998942017555,14.024538040161133,7.000000186963007e-05,1.8999999156221747e-05,1.8926819562911987,78.9834213256836
2022-05-08 00:00:00+00:00,0.0037789999041706324,13.567484855651855,6.800000119255856e-05,1.8000000636675395e-05,1.8621259927749634,75.22018432617188
2022-05-09 00:00:00+00:00,0.003369000041857362,11.24154281616211,5.500000042957254e-05,1.4000000192027073e-05,1.6992119550704956,63.2696533203125
2022-05-10 00:00:00+00:00,0.0035890000872313976,11.667051315307617,5.900000178371556e-05,1.5999999959603883e-05,1.7382060289382935,66.76615142822266
2022-05-11 00:00:00+00:00,0.002644000109285116,8.700089454650879,3.600000127335079e-05,1.2000000424450263e-05,1.3996299505233765,50.21084976196289
2022-05-12 00:00:00+00:00,0.002355000004172325,9.30306339263916,3.199999991920777e-05,1.1000000085914508e-05,1.2449630498886108,44.683589935302734
2022-05-13 00:00:00+00:00,0.0027169999666512012,9.900795936584473,4.199999966658652e-05,1.2999999853491317e-05,1.3095550537109375,48.59355163574219
2022-05-14 00:00:00+00:00,0.002744999947026372,9.931802749633789,4.3000000005122274e-05,1.2999999853491317e-05,1.352370023727417,52.4172248840332
2022-05-15 00:00:00+00:00,0.002767999889329076,9.763274192810059,4.3000000005122274e-05,1.2999999853491317e-05,1.3982919454574585,58.81126022338867
2022-05-16 00:00:00+00:00,0.002604000037536025,8.663140296936035,4.70000013592653e-05,1.2000000424450263e-05,1.3684669733047485,53.646461486816406
2022-05-17 00:00:00+00:00,0.0027089999057352543,9.180291175842285,4.999999873689376e-05,1.2999999853491317e-05,1.3933470249176025,57.12562561035156
2022-05-18 00:00:00+00:00,0.0025029999669641256,7.703643798828125,4.5000000682193786e-05,1.2000000424450263e-05,1.2996079921722412,49.75621032714844
2022-05-19 00:00:00+00:00,0.002597999991849065,8.29073715209961,4.70000013592653e-05,1.2000000424450263e-05,1.3646409511566162,52.2139778137207
2022-05-20 00:00:00+00:00,0.002491000108420849,7.88672399520874,4.600000102072954e-05,1.2000000424450263e-05,1.30983304977417,49.538509368896484
2022-05-21 00:00:00+00:00,0.002546000061556697,8.086588859558105,4.600000102072954e-05,1.2000000424450263e-05,1.3198570013046265,50.3179817199707
2022-05-22 00:00:00+00:00,0.0026320000179111958,8.195792198181152,4.8000001697801054e-05,1.2000000424450263e-05,1.353369951248169,52.75518035888672
2022-05-23 00:00:00+00:00,0.00254100002348423,7.74976921081543,4.8999998398358e-05,1.2000000424450263e-05,1.2906420230865479,49.05685043334961
2022-05-24 00:00:00+00:00,0.002606000052765012,7.692921161651611,5.0999999075429514e-05,1.2000000424450263e-05,1.277745008468628,49.65333557128906
2022-05-25 00:00:00+00:00,0.002518000081181526,7.541220188140869,4.8999998398358e-05,1.2000000424450263e-05,1.2846579551696777,47.982425689697266
2022-05-26 00:00:00+00:00,0.0023590000346302986,7.177481174468994,4.70000013592653e-05,1.1000000085914508e-05,1.2231839895248413,43.4912109375
2022-05-27 00:00:00+00:00,0.0022960000205785036,6.929376125335693,4.70000013592653e-05,9.999999747378752e-06,1.1947720050811768,40.981346130371094
2022-05-28 00:00:00+00:00,0.002348999958485365,7.1907057762146,4.70000013592653e-05,1.1000000085914508e-05,1.2362819910049438,44.343162536621094
2022-05-29 00:00:00+00:00,0.0024129999801516533,7.362330913543701,4.8000001697801054e-05,1.2000000424450263e-05,1.2486540079116821,44.90961456298828
2022-05-30 00:00:00+00:00,0.0026209999341517687,9.52193546295166,5.0999999075429514e-05,1.2000000424450263e-05,1.3121249675750732,47.179443359375
2022-05-31 00:00:00+00:00,0.0029670000076293945,9.457348823547363,5.0999999075429514e-05,1.2000000424450263e-05,1.2910079956054688,45.76784133911133
2022-06-01 00:00:00+00:00,0.0025160000659525394,8.815768241882324,4.8000001697801054e-05,1.1000000085914508e-05,1.2185579538345337,40.26966857910156
2022-06-02 00:00:00+00:00,0.002742999931797385,8.704891204833984,4.8999998398358e-05,1.1000000085914508e-05,1.2567989826202393,40.8913459777832
2022-06-03 00:00:00+00:00,0.002589999930933118,8.568979263305664,4.8000001697801054e-05,1.1000000085914508e-05,1.193282961845398,38.259220123291016
2022-06-04 00:00:00+00:00,0.0026390000712126493,9.625165939331055,4.8000001697801054e-05,1.1000000085914508e-05,1.215291976928711,38.93144607543945
2022-06-05 00:00:00+00:00,0.0026360000483691692,9.18097972869873,4.8000001697801054e-05,1.1000000085914508e-05,1.206637978553772,38.480533599853516
2022-06-06 00:00:00+00:00,0.002686999971047044,10.659760475158691,5.2999999752501026e-05,1.1000000085914508e-05,1.2422820329666138,42.43313217163086
2022-06-07 00:00:00+00:00,0.0025569999124854803,10.375683784484863,5.6000000768108293e-05,1.1000000085914508e-05,1.232347011566162,39.43757247924805
2022-06-08 00:00:00+00:00,0.0025029999669641256,10.700483322143555,5.400000009103678e-05,1.1000000085914508e-05,1.2107030153274536,38.84336853027344
2022-06-09 00:00:00+00:00,0.002478000009432435,11.863179206848145,5.199999941396527e-05,1.1000000085914508e-05,1.2169159650802612,39.97260665893555
2022-06-10 00:00:00+00:00,0.002317999955266714,11.105574607849121,4.8000001697801054e-05,9.999999747378752e-06,1.1708240509033203,37.08976745605469
2022-06-11 00:00:00+00:00,0.002202000003308058,9.185014724731445,4.5000000682193786e-05,9.000000318337698e-06,1.086696982383728,33.82111740112305
2022-06-12 00:00:00+00:00,0.0020840000361204147,8.590888977050781,4.099999932805076e-05,9.000000318337698e-06,0.959954023361206,30.743270874023438
2022-06-13 00:00:00+00:00,0.0020129999611526728,8.136910438537598,3.7999998312443495e-05,7.999999979801942e-06,0.7703409790992737,28.19236183166504
2022-06-14 00:00:00+00:00,0.002067999914288521,9.691360473632812,3.7999998312443495e-05,7.999999979801942e-06,0.7523930072784424,29.714618682861328
2022-06-15 00:00:00+00:00,0.0021699999924749136,11.49313735961914,3.9999998989515007e-05,9.000000318337698e-06,0.7882109880447388,34.48794174194336
2022-06-16 00:00:00+00:00,0.0019859999883919954,10.093917846679688,3.7000001611886546e-05,7.999999979801942e-06,0.6659280061721802,29.989742279052734
2022-06-17 00:00:00+00:00,0.002059000078588724,11.237800598144531,3.7999998312443495e-05,7.999999979801942e-06,0.6475449800491333,30.742919921875
2022-06-18 00:00:00+00:00,0.0019209999591112137,10.15643310546875,3.600000127335079e-05,7.999999979801942e-06,0.612762987613678,31.80793571472168
2022-06-19 00:00:00+00:00,0.00203399988822639,11.27764892578125,3.7999998312443495e-05,7.999999979801942e-06,0.6864969730377197,34.24374771118164
2022-06-20 00:00:00+00:00,0.002087000058963895,10.705570220947266,3.7999998312443495e-05,7.999999979801942e-06,0.6836450099945068,35.4171142578125
2022-06-21 00:00:00+00:00,0.0022670000325888395,10.354891777038574,3.7999998312443495e-05,1.1000000085914508e-05,0.699753999710083,36.121158599853516
2022-06-22 00:00:00+00:00,0.0020920000970363617,10.238997459411621,3.7000001611886546e-05,9.999999747378752e-06,0.647674024105072,34.12163543701172
2022-06-23 00:00:00+00:00,0.0022609999869018793,10.552589416503906,3.899999865097925e-05,9.999999747378752e-06,0.6900129914283752,38.17523193359375
2022-06-24 00:00:00+00:00,0.0023419999051839113,11.341355323791504,4.3000000005122274e-05,1.1000000085914508e-05,0.6867200136184692,42.2120475769043
2022-06-25 00:00:00+00:00,0.0023960000835359097,11.657511711120605,4.3000000005122274e-05,1.2000000424450263e-05,0.7287020087242126,42.33281326293945
2022-06-26 00:00:00+00:00,0.0022559999488294125,10.636136054992676,3.9999998989515007e-05,1.1000000085914508e-05,0.6597300171852112,39.40808868408203
2022-06-27 00:00:00+00:00,0.00228299992159009,10.90870475769043,3.9999998989515007e-05,1.1000000085914508e-05,0.669655978679657,38.45125198364258
2022-06-28 00:00:00+00:00,0.0021989999804645777,9.967576026916504,3.899999865097925e-05,9.999999747378752e-06,0.6186400055885315,35.326438903808594
2022-06-29 00:00:00+00:00,0.0021750000305473804,9.589876174926758,3.899999865097925e-05,9.999999747378752e-06,0.6072329878807068,33.8739013671875
2022-06-30 00:00:00+00:00,0.002099999925121665,9.365617752075195,3.7999998312443495e-05,9.999999747378752e-06,0.5802130103111267,33.588417053222656
2022-07-01 00:00:00+00:00,0.0020359999034553766,9.026248931884766,3.7000001611886546e-05,9.999999747378752e-06,0.5613359808921814,32.803070068359375
2022-07-02 00:00:00+00:00,0.002050000010058284,9.128382682800293,3.7999998312443495e-05,9.999999747378752e-06,0.5695890188217163,33.35940933227539
2022-07-03 00:00:00+00:00,0.0020620001014322042,9.161028861999512,3.7999998312443495e-05,9.999999747378752e-06,0.5831050276756287,33.38593292236328
2022-07-04 00:00:00+00:00,0.00216299993917346,9.475667953491211,3.9999998989515007e-05,9.999999747378752e-06,0.610526978969574,36.785030364990234
2022-07-05 00:00:00+00:00,0.002087000058963895,9.203144073486328,4.199999966658652e-05,9.999999747378752e-06,0.6007620096206665,35.39555358886719
2022-07-06 00:00:00+00:00,0.0020979999098926783,9.266168594360352,4.3000000005122274e-05,9.999999747378752e-06,0.636309027671814,37.07356262207031
2022-07-07 00:00:00+00:00,0.00216599996201694,9.41774845123291,4.3000000005122274e-05,1.1000000085914508e-05,0.6675869822502136,38.518306732177734
2022-07-08 00:00:00+00:00,0.0021250001154839993,9.226936340332031,4.099999932805076e-05,1.1000000085914508e-05,0.6512709856033325,38.286720275878906
2022-07-09 00:00:00+00:00,0.0021730000153183937,9.576278686523438,4.199999966658652e-05,1.2000000424450263e-05,0.6724479794502258,38.07196044921875
2022-07-10 00:00:00+00:00,0.0020600000862032175,9.361604690551758,3.9999998989515007e-05,1.1000000085914508e-05,0.6213269829750061,36.697608947753906
2022-07-11 00:00:00+00:00,0.001934999949298799,8.69336223602295,3.7999998312443495e-05,9.999999747378752e-06,0.604977011680603,33.463600158691406
2022-07-12 00:00:00+00:00,0.0019130000146105886,8.540144920349121,3.7000001611886546e-05,9.999999747378752e-06,0.5759490132331848,32.75759506225586
2022-07-13 00:00:00+00:00,0.0019570000004023314,8.882821083068848,3.899999865097925e-05,1.1000000085914508e-05,0.6044300198554993,34.91093826293945
2022-07-14 00:00:00+00:00,0.0020000000949949026,8.926656723022461,3.899999865097925e-05,1.1000000085914508e-05,0.6099939942359924,37.10782241821289
2022-07-15 00:00:00+00:00,0.001998000079765916,8.853607177734375,3.899999865097925e-05,1.1000000085914508e-05,0.5806580185890198,37.41592788696289
2022-07-16 00:00:00+00:00,0.0020409999415278435,8.950593948364258,3.9999998989515007e-05,1.1000000085914508e-05,0.5928540229797363,39.57412338256836
2022-07-17 00:00:00+00:00,0.002053000032901764,8.876873016357422,3.9999998989515007e-05,1.1000000085914508e-05,0.6014289855957031,38.64472198486328
2022-07-18 00:00:00+00:00,0.002193999942392111,9.468542098999023,4.199999966658652e-05,1.2000000424450263e-05,0.6569089889526367,43.746158599853516
2022-07-19 00:00:00+00:00,0.00229199999012053,9.764497756958008,4.3000000005122274e-05,1.2000000424450263e-05,0.7462999820709229,44.89987564086914
2022-07-20 00:00:00+00:00,0.002133999951183796,9.417330741882324,4.099999932805076e-05,1.2000000424450263e-05,0.6863669753074646,42.09366989135742
2022-07-21 00:00:00+00:00,0.002171000000089407,9.5406494140625,4.099999932805076e-05,1.2000000424450263e-05,0.707036018371582,43.19059371948242
2022-07-22 00:00:00+00:00,0.0021069999784231186,9.331283569335938,4.199999966658652e-05,1.2000000424450263e-05,0.7034389972686768,40.61850357055664
2022-07-23 00:00:00+00:00,0.002124000107869506,9.290621757507324,4.199999966658652e-05,1.2000000424450263e-05,0.6851580142974854,40.040977478027344
2022-07-24 00:00:00+00:00,0.002113000024110079,9.305643081665039,4.199999966658652e-05,1.2000000424450263e-05,0.6937140226364136,41.00658416748047
2022-07-25 00:00:00+00:00,0.001976999919861555,8.730724334716797,3.899999865097925e-05,1.1000000085914508e-05,0.6826130151748657,36.711997985839844
2022-07-26 00:00:00+00:00,0.0020099999383091927,8.650931358337402,3.899999865097925e-05,1.1000000085914508e-05,0.6489940285682678,36.190853118896484
2022-07-27 00:00:00+00:00,0.002094999887049198,9.100345611572266,4.199999966658652e-05,1.1000000085914508e-05,0.7065690159797668,40.3078498840332
2022-07-28 00:00:00+00:00,0.0021840000990778208,9.224029541015625,4.400000034365803e-05,1.2000000424450263e-05,0.7209200263023376,42.84526824951172
2022-07-29 00:00:00+00:00,0.0022009999956935644,9.18488597869873,4.5000000682193786e-05,1.2000000424450263e-05,0.7140629887580872,41.926998138427734
2022-07-30 00:00:00+00:00,0.0022319999989122152,9.636393547058105,4.400000034365803e-05,1.2000000424450263e-05,0.7240729928016663,43.755889892578125
2022-07-31 00:00:00+00:00,0.0022589999716728926,9.217316627502441,4.400000034365803e-05,1.2000000424450263e-05,0.7119510173797607,42.400203704833984
2022-08-01 00:00:00+00:00,0.002363000065088272,8.925726890563965,4.5000000682193786e-05,1.2000000424450263e-05,0.7275410294532776,41.78648376464844
2022-08-02 00:00:00+00:00,0.002256999956443906,8.771327018737793,4.3000000005122274e-05,1.2000000424450263e-05,0.7428100109100342,39.7545051574707
2022-08-03 00:00:00+00:00,0.0024419999681413174,8.563058853149414,4.3000000005122274e-05,1.2000000424450263e-05,0.7447500228881836,38.54441833496094
2022-08-04 00:00:00+00:00,0.002357000019401312,8.662373542785645,4.3000000005122274e-05,1.2000000424450263e-05,0.7368749976158142,38.83067321777344
2022-08-05 00:00:00+00:00,0.002879000036045909,8.953017234802246,4.5000000682193786e-05,1.2000000424450263e-05,0.7531870007514954,40.561031341552734
2022-08-06 00:00:00+00:00,0.0025949999690055847,8.8202486038208,4.5000000682193786e-05,1.2000000424450263e-05,0.7492979764938354,40.0570068359375
2022-08-07 00:00:00+00:00,0.0026310000102967024,8.875314712524414,4.5000000682193786e-05,1.2000000424450263e-05,0.7500399947166443,40.6055908203125
2022-08-08 00:00:00+00:00,0.0026579999830573797,9.22966480255127,4.600000102072954e-05,1.2000000424450263e-05,0.776298999786377,42.17055130004883
2022-08-09 00:00:00+00:00,0.0024759999942034483,8.500763893127441,4.400000034365803e-05,1.2000000424450263e-05,0.8099679946899414,40.372623443603516
2022-08-10 00:00:00+00:00,0.002601000014692545,8.752854347229004,4.600000102072954e-05,1.2000000424450263e-05,0.8838469982147217,42.365867614746094
2022-08-11 00:00:00+00:00,0.002570000011473894,8.639992713928223,4.600000102072954e-05,1.2000000424450263e-05,0.9097399711608887,42.8217887878418
2022-08-12 00:00:00+00:00,0.0026100000832229853,8.627396583557129,4.8000001697801054e-05,1.2999999853491317e-05,0.942704975605011,45.33475875854492
2022-08-13 00:00:00+00:00,0.0025889999233186245,8.595213890075684,4.70000013592653e-05,1.2999999853491317e-05,1.021888017654419,46.485347747802734
2022-08-14 00:00:00+00:00,0.002626999979838729,8.307657241821289,4.600000102072954e-05,1.700000029813964e-05,1.0073269605636597,44.916568756103516
2022-08-15 00:00:00+00:00,0.002732000080868602,8.166539192199707,4.600000102072954e-05,1.4999999621068127e-05,0.9898549914360046,43.82322311401367
2022-08-16 00:00:00+00:00,0.0026539999525994062,8.084959983825684,4.5000000682193786e-05,1.5999999959603883e-05,0.9591720104217529,43.15880584716797
2022-08-17 00:00:00+00:00,0.002471999963745475,7.594045162200928,4.400000034365803e-05,1.4999999621068127e-05,0.9279760122299194,40.403053283691406
2022-08-18 00:00:00+00:00,0.0023499999660998583,7.101613998413086,4.3000000005122274e-05,1.4000000192027073e-05,0.9240630269050598,39.545230865478516
2022-08-19 00:00:00+00:00,0.0021899999119341373,6.994655132293701,3.899999865097925e-05,1.2999999853491317e-05,0.8324810266494751,35.8902587890625
2022-08-20 00:00:00+00:00,0.0021540001034736633,6.787448883056641,3.899999865097925e-05,1.2999999853491317e-05,0.8680199980735779,35.26973342895508
2022-08-21 00:00:00+00:00,0.002216000109910965,6.886603832244873,3.9999998989515007e-05,1.2999999853491317e-05,0.9216780066490173,36.533199310302734
2022-08-22 00:00:00+00:00,0.0021810000762343407,6.536565780639648,3.899999865097925e-05,1.2999999853491317e-05,0.9001510143280029,35.47438049316406
2022-08-23 00:00:00+00:00,0.002219999907538295,6.67577600479126,3.899999865097925e-05,1.2999999853491317e-05,0.9710789918899536,35.6462516784668
2022-08-24 00:00:00+00:00,0.0022090000566095114,6.96676778793335,3.899999865097925e-05,1.2999999853491317e-05,0.9571930170059204,34.957916259765625
2022-08-25 00:00:00+00:00,0.002234000014141202,6.743537902832031,3.9999998989515007e-05,1.4000000192027073e-05,0.9961090087890625,35.316463470458984
2022-08-26 00:00:00+00:00,0.002061000093817711,5.934785842895508,3.7000001611886546e-05,1.2000000424450263e-05,0.9255189895629883,31.726362228393555
2022-08-27 00:00:00+00:00,0.0020669999066740274,6.043666839599609,3.7000001611886546e-05,1.2000000424450263e-05,0.9356679916381836,31.54243278503418
2022-08-28 00:00:00+00:00,0.0020089999306946993,5.786581039428711,4.600000102072954e-05,1.2000000424450263e-05,0.916254997253418,30.39228630065918
2022-08-29 00:00:00+00:00,0.002139999996870756,6.190010070800781,4.999999873689376e-05,1.2000000424450263e-05,0.9867050051689148,32.46529769897461
2022-08-30 00:00:00+00:00,0.0021009999327361584,5.545858860015869,4.600000102072954e-05,1.2000000424450263e-05,1.0177860260009766,31.41205596923828
2022-08-31 00:00:00+00:00,0.0020810000132769346,5.26061487197876,4.5000000682193786e-05,1.2000000424450263e-05,1.0790070295333862,31.47295570373535
2022-09-01 00:00:00+00:00,0.0020630001090466976,4.820868968963623,4.600000102072954e-05,1.2000000424450263e-05,1.0570080280303955,31.585678100585938
2022-09-02 00:00:00+00:00,0.002041999949142337,4.527176856994629,4.600000102072954e-05,1.2000000424450263e-05,1.0821210145950317,31.227930068969727
2022-09-03 00:00:00+00:00,0.0020600000862032175,4.190002918243408,4.5000000682193786e-05,1.2000000424450263e-05,1.0356570482254028,31.10948371887207
2022-09-04 00:00:00+00:00,0.0021639999467879534,4.3322272300720215,4.400000034365803e-05,1.2999999853491317e-05,1.0456739664077759,32.106956481933594
2022-09-05 00:00:00+00:00,0.002090000081807375,3.9478440284729004,4.400000034365803e-05,1.2999999853491317e-05,1.0434139966964722,32.19464874267578
2022-09-06 00:00:00+00:00,0.0019180000526830554,3.396728038787842,4.099999932805076e-05,1.2000000424450263e-05,0.9060999751091003,30.891742706298828
2022-09-07 00:00:00+00:00,0.0020240000449121,5.328588008880615,4.199999966658652e-05,1.2000000424450263e-05,0.9009259939193726,32.71091842651367
2022-09-08 00:00:00+00:00,0.0020240000449121,4.762794017791748,4.199999966658652e-05,1.2000000424450263e-05,0.8958219885826111,33.608646392822266
2022-09-09 00:00:00+00:00,0.002176000038161874,4.692166805267334,4.5000000682193786e-05,1.2999999853491317e-05,0.9612839818000793,34.73976516723633
2022-09-10 00:00:00+00:00,0.0021810000762343407,5.61806583404541,4.5000000682193786e-05,1.2999999853491317e-05,0.9763979911804199,35.12672805786133
2022-09-11 00:00:00+00:00,0.0021520000882446766,5.214539051055908,4.600000102072954e-05,1.2999999853491317e-05,0.9745209813117981,34.96596145629883
2022-09-12 00:00:00+00:00,0.0022060000337660313,5.1069159507751465,4.600000102072954e-05,1.2999999853491317e-05,0.9689390063285828,37.4241828918457
2022-09-13 00:00:00+00:00,0.0020910000894218683,4.6418609619140625,4.5000000682193786e-05,1.2000000424450263e-05,0.9125699996948242,33.430816650390625
2022-09-14 00:00:00+00:00,0.0020830000285059214,4.2442121505737305,4.600000102072954e-05,1.2000000424450263e-05,0.9168369770050049,34.09157180786133
2022-09-15 00:00:00+00:00,0.0020280000753700733,4.091760158538818,4.3000000005122274e-05,1.2000000424450263e-05,0.883446991443634,33.04768371582031
2022-09-16 00:00:00+00:00,0.002061000093817711,4.214150905609131,4.199999966658652e-05,1.2000000424450263e-05,0.8945440053939819,32.208858489990234
2022-09-17 00:00:00+00:00,0.002142000012099743,4.428184986114502,4.3000000005122274e-05,1.2000000424450263e-05,0.9309219717979431,33.75077819824219
2022-09-18 00:00:00+00:00,0.0019920000340789557,3.9687070846557617,3.899999865097925e-05,1.1000000085914508e-05,0.87739098072052,31.05985450744629
2022-09-19 00:00:00+00:00,0.00203699991106987,4.601049900054932,3.9999998989515007e-05,1.1000000085914508e-05,0.9026529788970947,32.685302734375
2022-09-20 00:00:00+00:00,0.002001000102609396,4.9263410568237305,3.7999998312443495e-05,1.1000000085914508e-05,0.8783439993858337,31.433040618896484
2022-09-21 00:00:00+00:00,0.0019839999731630087,4.446638107299805,3.7999998312443495e-05,9.999999747378752e-06,0.8705000281333923,30.826377868652344
2022-09-22 00:00:00+00:00,0.0020959998946636915,4.661230087280273,3.899999865097925e-05,1.1000000085914508e-05,0.9460510015487671,32.408905029296875
2022-09-23 00:00:00+00:00,0.0021039999555796385,5.084163188934326,3.899999865097925e-05,1.1000000085914508e-05,0.9729400277137756,33.6766357421875
2022-09-24 00:00:00+00:00,0.0020570000633597374,4.522420883178711,3.9999998989515007e-05,1.1000000085914508e-05,0.9314060211181641,33.462650299072266
2022-09-25 00:00:00+00:00,0.0020349998958408833,4.523233890533447,3.9999998989515007e-05,1.1000000085914508e-05,0.9197679758071899,32.33536148071289
2022-09-26 00:00:00+00:00,0.002044999971985817,4.692824840545654,4.099999932805076e-05,1.1000000085914508e-05,0.920490026473999,33.88055419921875
2022-09-27 00:00:00+00:00,0.0020349998958408833,4.7755231857299805,4.099999932805076e-05,1.1000000085914508e-05,0.9217140078544617,32.75012969970703
2022-09-28 00:00:00+00:00,0.00202700006775558,5.2206268310546875,4.099999932805076e-05,1.1000000085914508e-05,0.9186109900474548,33.23543930053711
2022-09-29 00:00:00+00:00,0.002059000078588724,5.0223212242126465,4.099999932805076e-05,1.1000000085914508e-05,0.9254329800605774,33.952449798583984
2022-09-30 00:00:00+00:00,0.0020389999262988567,5.284182071685791,4.099999932805076e-05,1.1000000085914508e-05,0.9224609732627869,33.21244430541992
2022-10-01 00:00:00+00:00,0.0020389999262988567,5.0587639808654785,4.099999932805076e-05,1.1000000085914508e-05,0.9177079796791077,32.46939468383789
2022-10-02 00:00:00+00:00,0.001970000099390745,4.806920051574707,3.9999998989515007e-05,1.1000000085914508e-05,0.8663619756698608,32.05569839477539
2022-10-03 00:00:00+00:00,0.0020129999611526728,4.930038928985596,4.099999932805076e-05,1.1000000085914508e-05,0.8772670030593872,32.967620849609375
2022-10-04 00:00:00+00:00,0.002032000105828047,5.215693950653076,4.199999966658652e-05,1.2000000424450263e-05,0.9023630023002625,34.12247085571289
2022-10-05 00:00:00+00:00,0.0020260000601410866,5.653285026550293,4.199999966658652e-05,1.1000000085914508e-05,0.8959969878196716,34.073883056640625
2022-10-06 00:00:00+00:00,0.002008170122280717,5.095094680786133,4.2708950786618516e-05,1.1151038961543236e-05,0.8966065049171448,33.43516159057617
